﻿<?xml version="1.0" encoding="utf-8" ?>
<c2eventsheet>
    <!--All the 'name' attributes are ignored by Construct 2 - they are there for readability only.-->
    <name>Event sheet 1</name>
    <events>
        <variable constant="0" name="BearHealth" sid="133284056148289" static="0" type="number">10</variable>
        <variable constant="0" name="Lives" sid="715914937494844" static="0" type="number">3</variable>
        <variable constant="0" name="FlowerScore" sid="488785390362027" static="0" type="number">0</variable>
        <event-group description="" sid="382319201035084" title="Level Selection / Menu Screens">
            <sub-events>
                <event-block sid="732071968726106">
                    <conditions>
                        <condition id="0" name="On key pressed" sid="506030658639418" type="Keyboard">
                            <param id="0" name="Key">13 (Return)</param>
                        </condition>
                    </conditions>
                    <actions />
                    <sub-events>
                        <event-block sid="635712156708769">
                            <conditions>
                                <condition id="-8" name="Compare two values" sid="399668989594497" type="System">
                                    <param id="0" name="First value">LayoutName</param>
                                    <param id="1" name="Comparison">0</param>
                                    <param id="2" name="Second value">&quot;Title Screen&quot;</param>
                                </condition>
                            </conditions>
                            <actions>
                                <action id="-2" name="Go to layout" sid="168597319222305" type="System">
                                    <param id="0" name="Layout">Level 1</param>
                                </action>
                                <action id="-21" name="Reset global variables" sid="720594768639786" type="System" />
                            </actions>
                        </event-block>
                    </sub-events>
                </event-block>
                <event-block sid="897110884267233">
                    <conditions>
                        <condition id="-2" name="On start of layout" sid="576301949105856" type="System" />
                    </conditions>
                    <actions />
                    <sub-events>
                        <event-block any="1" sid="887611761277487">
                            <conditions>
                                <condition id="-8" name="Compare two values" sid="707032393542011" type="System">
                                    <param id="0" name="First value">LayoutName</param>
                                    <param id="1" name="Comparison">0</param>
                                    <param id="2" name="Second value">&quot;Victory&quot;</param>
                                </condition>
                                <condition id="-8" name="Compare two values" sid="560125379791573" type="System">
                                    <param id="0" name="First value">LayoutName</param>
                                    <param id="1" name="Comparison">0</param>
                                    <param id="2" name="Second value">&quot;Game Over&quot;</param>
                                </condition>
                            </conditions>
                            <actions>
                                <action id="-16" name="Wait" sid="137036004531372" type="System">
                                    <param id="0" name="Seconds">3</param>
                                </action>
                                <action id="-2" name="Go to layout" sid="701472696020550" type="System">
                                    <param id="0" name="Layout">Title Screen</param>
                                </action>
                            </actions>
                        </event-block>
                    </sub-events>
                </event-block>
                <event-block sid="777784769729345">
                    <conditions>
                        <condition id="0" name="On collision with another object" sid="125458528920657" type="Player">
                            <param id="0" name="Object">Beehive</param>
                        </condition>
                    </conditions>
                    <actions>
                        <action id="0" name="Play" sid="442820499857997" type="Audio">
                            <param id="0" name="Audio file">NextLevel</param>
                            <param id="2" name="Loop">0</param>
                            <param id="3" name="Volume">0</param>
                            <param id="1" name="Tag (optional)">&quot;NextLevel&quot;</param>
                        </action>
                        <action id="-43" name="Go to next/previous layout" sid="764390622521986" type="System">
                            <param id="0" name="Which">0</param>
                        </action>
                    </actions>
                </event-block>
                <event-block any="1" sid="664091893408272">
                    <conditions>
                        <condition id="-8" name="Compare two values" sid="428464392310965" type="System">
                            <param id="0" name="First value">LayoutName</param>
                            <param id="1" name="Comparison">0</param>
                            <param id="2" name="Second value">&quot;Title Screen&quot;</param>
                        </condition>
                    </conditions>
                    <actions>
                        <action id="0" name="Play" sid="598021597342718" type="Audio">
                            <param id="0" name="Audio file">LevelMusic</param>
                            <param id="2" name="Loop">0</param>
                            <param id="3" name="Volume">-10</param>
                            <param id="1" name="Tag (optional)">&quot;LevelMusic&quot;</param>
                        </action>
                        <action id="-15" name="Set visible" sid="761134364119800" type="RainDrop">
                            <param id="0" name="Visibility">0</param>
                        </action>
                        <action id="6" name="Stop" sid="174736777967657" type="Audio">
                            <param id="0" name="Tag">&quot;Victory&quot;</param>
                        </action>
                        <action id="6" name="Stop" sid="596982937404950" type="Audio">
                            <param id="0" name="Tag">&quot;GameOver&quot;</param>
                        </action>
                        <action id="6" name="Stop" sid="228309517205400" type="Audio">
                            <param id="0" name="Tag">&quot;BeeSpike&quot;</param>
                        </action>
                    </actions>
                </event-block>
                <event-block any="1" sid="446716608158287">
                    <conditions>
                        <condition id="-8" name="Compare two values" sid="861673420272478" type="System">
                            <param id="0" name="First value">LayoutName</param>
                            <param id="1" name="Comparison">0</param>
                            <param id="2" name="Second value">&quot;Level 1&quot;</param>
                        </condition>
                        <condition id="-8" name="Compare two values" sid="874000310117490" type="System">
                            <param id="0" name="First value">LayoutName</param>
                            <param id="1" name="Comparison">0</param>
                            <param id="2" name="Second value">&quot;Level 2&quot;</param>
                        </condition>
                        <condition id="-8" name="Compare two values" sid="645870667699173" type="System">
                            <param id="0" name="First value">LayoutName</param>
                            <param id="1" name="Comparison">0</param>
                            <param id="2" name="Second value">&quot;Level 3&quot;</param>
                        </condition>
                    </conditions>
                    <actions>
                        <action id="6" name="Stop" sid="592593068935108" type="Audio">
                            <param id="0" name="Tag">&quot;LevelMusic&quot;</param>
                        </action>
                    </actions>
                </event-block>
                <event-block sid="446527745291239">
                    <conditions>
                        <condition id="-8" name="Compare two values" sid="818120727502781" type="System">
                            <param id="0" name="First value">LayoutName</param>
                            <param id="1" name="Comparison">0</param>
                            <param id="2" name="Second value">&quot;Victory&quot;</param>
                        </condition>
                    </conditions>
                    <actions>
                        <action id="0" name="Play" sid="819265971631260" type="Audio">
                            <param id="0" name="Audio file">Victory</param>
                            <param id="2" name="Loop">0</param>
                            <param id="3" name="Volume">0</param>
                            <param id="1" name="Tag (optional)">&quot;Victory&quot;</param>
                        </action>
                        <action id="-15" name="Set visible" sid="349806095365484" type="RainDrop">
                            <param id="0" name="Visibility">0</param>
                        </action>
                    </actions>
                </event-block>
                <event-block sid="972419463178421">
                    <conditions>
                        <condition id="-8" name="Compare two values" sid="568554855160433" type="System">
                            <param id="0" name="First value">LayoutName</param>
                            <param id="1" name="Comparison">0</param>
                            <param id="2" name="Second value">&quot;Game Over&quot;</param>
                        </condition>
                    </conditions>
                    <actions>
                        <action id="0" name="Play" sid="181121474761665" type="Audio">
                            <param id="0" name="Audio file">GameOver</param>
                            <param id="2" name="Loop">0</param>
                            <param id="3" name="Volume">0</param>
                            <param id="1" name="Tag (optional)">&quot;GameOver&quot;</param>
                        </action>
                        <action id="-15" name="Set visible" sid="572024145415397" type="RainDrop">
                            <param id="0" name="Visibility">0</param>
                        </action>
                    </actions>
                </event-block>
            </sub-events>
        </event-group>
        <event-group description="" sid="354808880508468" title="Player Controls">
            <sub-events>
                <event-block sid="302974369437814">
                    <conditions>
                        <condition id="0" name="On key pressed" sid="685967167017041" type="Keyboard">
                            <param id="0" name="Key">32 (Space)</param>
                        </condition>
                    </conditions>
                    <actions>
                        <action id="0" name="Spawn another object" sid="315988610423930" type="Player">
                            <param id="0" name="Object">BeeSpike</param>
                            <param id="1" name="Layer">&quot;Midground&quot;</param>
                            <param id="2" name="Image point">1</param>
                        </action>
                        <action id="0" name="Play" sid="510467527483576" type="Audio">
                            <param id="0" name="Audio file">BeeSpike</param>
                            <param id="2" name="Loop">0</param>
                            <param id="3" name="Volume">0</param>
                            <param id="1" name="Tag (optional)">&quot;BeeSpike&quot;</param>
                        </action>
                        <action id="-16" name="Wait" sid="121023993611895" type="System">
                            <param id="0" name="Seconds">3.0</param>
                        </action>
                        <action id="-9" name="Destroy" sid="476924337504528" type="BeeSpike" />
                    </actions>
                </event-block>
                <event-block sid="417686582696373">
                    <conditions>
                        <condition id="0" name="On collision with another object" sid="249696156092406" type="BeeSpike">
                            <param id="0" name="Object">Ladybug</param>
                        </condition>
                    </conditions>
                    <actions>
                        <action id="-9" name="Destroy" sid="778172154989875" type="Ladybug" />
                    </actions>
                </event-block>
                <event-block sid="747831332135484">
                    <conditions>
                        <condition id="0" name="On collision with another object" sid="722987163421349" type="BeeSpike">
                            <param id="0" name="Object">GrizTheBear</param>
                        </condition>
                    </conditions>
                    <actions>
                        <action id="-11" name="Subtract from" sid="339774578508162" type="System">
                            <param id="0" name="Variable">BearHealth</param>
                            <param id="1" name="Value">1</param>
                        </action>
                        <action id="-9" name="Destroy" sid="320233705906467" type="BeeSpike" />
                    </actions>
                    <sub-events>
                        <event-block sid="712180837505052">
                            <conditions>
                                <condition id="-14" name="Compare variable" sid="443669112166565" type="System">
                                    <param id="0" name="Variable">BearHealth</param>
                                    <param id="1" name="Comparison">0</param>
                                    <param id="2" name="Value">0</param>
                                </condition>
                            </conditions>
                            <actions>
                                <action id="-9" name="Destroy" sid="878422092127307" type="GrizTheBear" />
                                <action id="-2" name="Go to layout" sid="535954930339949" type="System">
                                    <param id="0" name="Layout">Victory</param>
                                </action>
                            </actions>
                        </event-block>
                        <event-block sid="132107525407172">
                            <conditions>
                                <condition id="-14" name="Compare variable" sid="646655179798066" type="System">
                                    <param id="0" name="Variable">BearHealth</param>
                                    <param id="1" name="Comparison">0</param>
                                    <param id="2" name="Value">3</param>
                                </condition>
                            </conditions>
                            <actions>
                                <action id="4" name="Set animation" sid="855511803239737" type="GrizTheBear">
                                    <param id="0" name="Animation">&quot;Phase2&quot;</param>
                                    <param id="1" name="From">1</param>
                                </action>
                            </actions>
                        </event-block>
                        <event-block sid="908045679773322">
                            <conditions>
                                <condition id="-14" name="Compare variable" sid="912927160916961" type="System">
                                    <param id="0" name="Variable">BearHealth</param>
                                    <param id="1" name="Comparison">0</param>
                                    <param id="2" name="Value">7</param>
                                </condition>
                            </conditions>
                            <actions>
                                <action id="4" name="Set animation" sid="503657665687782" type="GrizTheBear">
                                    <param id="0" name="Animation">&quot;Phase1&quot;</param>
                                    <param id="1" name="From">1</param>
                                </action>
                            </actions>
                        </event-block>
                    </sub-events>
                </event-block>
                <event-block sid="982379094373874">
                    <conditions>
                        <condition id="0" name="On key pressed" sid="839355504800769" type="Keyboard">
                            <param id="0" name="Key">37 (Left arrow)</param>
                        </condition>
                        <condition id="-14" name="Compare variable" sid="343161941768216" type="System">
                            <param id="0" name="Variable">BearHealth</param>
                            <param id="1" name="Comparison">0</param>
                            <param id="2" name="Value">3</param>
                        </condition>
                    </conditions>
                    <actions>
                        <action id="7" name="Set mirrored" sid="718872741049701" type="Player">
                            <param id="0" name="State">0</param>
                        </action>
                    </actions>
                </event-block>
                <event-block sid="358015256081928">
                    <conditions>
                        <condition id="0" name="On key pressed" sid="400713386984869" type="Keyboard">
                            <param id="0" name="Key">39 (Right arrow)</param>
                        </condition>
                    </conditions>
                    <actions>
                        <action id="7" name="Set mirrored" sid="573213655076182" type="Player">
                            <param id="0" name="State">1</param>
                        </action>
                    </actions>
                </event-block>
            </sub-events>
        </event-group>
        <event-group description="" sid="960114791030444" title="Scoring">
            <sub-events>
                <event-block sid="372983097263528">
                    <conditions>
                        <condition id="0" name="On collision with another object" sid="631467326312757" type="Player">
                            <param id="0" name="Object">Flower</param>
                        </condition>
                    </conditions>
                    <actions>
                        <action id="0" name="Play" sid="520071792229008" type="Audio">
                            <param id="0" name="Audio file">PickupFlower</param>
                            <param id="2" name="Loop">0</param>
                            <param id="3" name="Volume">0</param>
                            <param id="1" name="Tag (optional)">&quot;PickupFlower&quot;</param>
                        </action>
                        <action id="-9" name="Destroy" sid="565754893780244" type="Flower" />
                        <action id="0" name="Spawn another object" sid="441032926871251" type="Flower">
                            <param id="0" name="Object">FlowerParticle</param>
                            <param id="1" name="Layer">&quot;Midground&quot;</param>
                            <param id="2" name="Image point">0</param>
                        </action>
                        <action id="-10" name="Add to" sid="177958199462424" type="System">
                            <param id="0" name="Variable">FlowerScore</param>
                            <param id="1" name="Value">1</param>
                        </action>
                    </actions>
                </event-block>
                <event-block sid="226661302657319">
                    <conditions>
                        <condition id="-14" name="Compare variable" sid="967533682046377" type="System">
                            <param id="0" name="Variable">Lives</param>
                            <param id="1" name="Comparison">3</param>
                            <param id="2" name="Value">0</param>
                        </condition>
                    </conditions>
                    <actions>
                        <action id="-2" name="Go to layout" sid="769334045529612" type="System">
                            <param id="0" name="Layout">Game Over</param>
                        </action>
                        <action id="-21" name="Reset global variables" sid="834027401003234" type="System" />
                    </actions>
                </event-block>
                <event-block sid="554045863810699">
                    <conditions>
                        <condition id="-14" name="Compare variable" sid="744367678571770" type="System">
                            <param id="0" name="Variable">Lives</param>
                            <param id="1" name="Comparison">0</param>
                            <param id="2" name="Value">0</param>
                        </condition>
                    </conditions>
                    <actions>
                        <action id="-2" name="Go to layout" sid="285098478648444" type="System">
                            <param id="0" name="Layout">Game Over</param>
                        </action>
                        <action id="-21" name="Reset global variables" sid="908717168437272" type="System" />
                    </actions>
                </event-block>
                <event-block sid="292077051850864">
                    <conditions>
                        <condition id="-1" name="Every tick" sid="712565135448708" type="System" />
                    </conditions>
                    <actions>
                        <action id="0" name="Set text" sid="235379286106194" type="ScoreDisplay">
                            <param id="0" name="Text">FlowerScore</param>
                        </action>
                        <action id="5" name="Set frame" sid="868444054947193" type="HoneyLives">
                            <param id="0" name="Frame number">Lives</param>
                        </action>
                    </actions>
                </event-block>
                <event-block sid="702253122774517">
                    <conditions>
                        <condition id="0" name="On collision with another object" sid="776740118007120" type="Player">
                            <param id="0" name="Object">Honeycomb</param>
                        </condition>
                    </conditions>
                    <actions>
                        <action id="0" name="Play" sid="384080906547763" type="Audio">
                            <param id="0" name="Audio file">PickupFlower</param>
                            <param id="2" name="Loop">0</param>
                            <param id="3" name="Volume">0</param>
                            <param id="1" name="Tag (optional)">&quot;PickupHoney&quot;</param>
                        </action>
                        <action id="-9" name="Destroy" sid="410044783907792" type="Honeycomb" />
                        <action id="-10" name="Add to" sid="661672988103582" type="System">
                            <param id="0" name="Variable">Lives</param>
                            <param id="1" name="Value">1</param>
                        </action>
                    </actions>
                </event-block>
            </sub-events>
        </event-group>
        <event-group description="" sid="788999550140983" title="Hazards" />
        <event-block sid="415427516499799">
            <conditions>
                <condition id="-6" name="Every X seconds" sid="183522404689316" type="System">
                    <param id="0" name="Interval (seconds)">0.7</param>
                </condition>
            </conditions>
            <actions>
                <action id="-3" name="Create object" sid="170751285159005" type="System">
                    <param id="0" name="Object to create">RainDrop</param>
                    <param id="1" name="Layer">1</param>
                    <param id="2" name="X">random(0, LayoutWidth)</param>
                    <param id="3" name="Y">-250</param>
                </action>
            </actions>
        </event-block>
        <event-block sid="186919986823559">
            <conditions>
                <condition id="-1" name="Every tick" sid="245780430234481" type="System" />
            </conditions>
            <actions>
                <action id="-23" name="Move at angle" sid="749280317694076" type="RainDrop">
                    <param id="0" name="Angle">90</param>
                    <param id="1" name="Distance">2</param>
                </action>
            </actions>
        </event-block>
        <event-block sid="642773825668688">
            <conditions>
                <condition id="-2" name="Compare Y" sid="657420270885983" type="RainDrop">
                    <param id="0" name="Comparison">4</param>
                    <param id="1" name="Y co-ordinate">LayoutHeight</param>
                </condition>
            </conditions>
            <actions>
                <action id="-9" name="Destroy" sid="526040088682042" type="RainDrop" />
            </actions>
        </event-block>
        <event-block sid="918728425685091">
            <conditions>
                <condition id="0" name="On collision with another object" sid="740211279080605" type="Player">
                    <param id="0" name="Object">RainDrop</param>
                </condition>
            </conditions>
            <actions>
                <action id="0" name="Play" sid="686269203816022" type="Audio">
                    <param id="0" name="Audio file">Die</param>
                    <param id="2" name="Loop">0</param>
                    <param id="3" name="Volume">0</param>
                    <param id="1" name="Tag (optional)">&quot;Die&quot;</param>
                </action>
                <action behavior="Platform" id="11" name="Set enabled" sid="319242523220541" type="Player">
                    <param id="0" name="State">0</param>
                </action>
                <action behavior="ScrollTo" id="0" name="Shake" sid="666003155317837" type="Player">
                    <param id="0" name="Magnitude">20</param>
                    <param id="1" name="Duration">0.4</param>
                    <param id="2" name="Mode">0</param>
                </action>
                <action id="-16" name="Wait" sid="298648931533822" type="System">
                    <param id="0" name="Seconds">1.5</param>
                </action>
                <action id="-26" name="Restart layout" sid="392744162020500" type="System" />
                <action id="-9" name="Set value" sid="937608250828390" type="System">
                    <param id="0" name="Variable">FlowerScore</param>
                    <param id="1" name="Value">0</param>
                </action>
                <action id="-11" name="Subtract from" sid="709649207859867" type="System">
                    <param id="0" name="Variable">Lives</param>
                    <param id="1" name="Value">1</param>
                </action>
            </actions>
        </event-block>
        <event-block sid="985086347785873">
            <conditions>
                <condition id="0" name="On collision with another object" sid="515483141971136" type="Player">
                    <param id="0" name="Object">Ladybug</param>
                </condition>
            </conditions>
            <actions>
                <action id="0" name="Play" sid="462842183278473" type="Audio">
                    <param id="0" name="Audio file">Die</param>
                    <param id="2" name="Loop">0</param>
                    <param id="3" name="Volume">0</param>
                    <param id="1" name="Tag (optional)">&quot;Die&quot;</param>
                </action>
                <action behavior="Platform" id="11" name="Set enabled" sid="997412043016633" type="Player">
                    <param id="0" name="State">0</param>
                </action>
                <action behavior="ScrollTo" id="0" name="Shake" sid="965395502239282" type="Player">
                    <param id="0" name="Magnitude">20</param>
                    <param id="1" name="Duration">0.4</param>
                    <param id="2" name="Mode">0</param>
                </action>
                <action id="-16" name="Wait" sid="135829508921070" type="System">
                    <param id="0" name="Seconds">1.5</param>
                </action>
                <action id="-26" name="Restart layout" sid="948766636837890" type="System" />
                <action id="-9" name="Set value" sid="578420807526794" type="System">
                    <param id="0" name="Variable">FlowerScore</param>
                    <param id="1" name="Value">0</param>
                </action>
                <action id="-11" name="Subtract from" sid="565139306034101" type="System">
                    <param id="0" name="Variable">Lives</param>
                    <param id="1" name="Value">1</param>
                </action>
            </actions>
        </event-block>
        <event-block any="1" sid="881023224045405">
            <conditions>
                <condition id="0" name="On collision with another object" sid="363788842141944" type="Player">
                    <param id="0" name="Object">BearClaw</param>
                </condition>
                <condition id="0" name="On collision with another object" sid="239944183199372" type="Player">
                    <param id="0" name="Object">Bearland</param>
                </condition>
            </conditions>
            <actions>
                <action id="0" name="Play" sid="620391907893014" type="Audio">
                    <param id="0" name="Audio file">Die</param>
                    <param id="2" name="Loop">0</param>
                    <param id="3" name="Volume">0</param>
                    <param id="1" name="Tag (optional)">&quot;Die&quot;</param>
                </action>
                <action behavior="Platform" id="11" name="Set enabled" sid="711782738600579" type="Player">
                    <param id="0" name="State">0</param>
                </action>
                <action behavior="ScrollTo" id="0" name="Shake" sid="172863812117600" type="Player">
                    <param id="0" name="Magnitude">20</param>
                    <param id="1" name="Duration">0.4</param>
                    <param id="2" name="Mode">0</param>
                </action>
                <action id="-16" name="Wait" sid="313128358626503" type="System">
                    <param id="0" name="Seconds">1.5</param>
                </action>
                <action id="-26" name="Restart layout" sid="351917343693215" type="System" />
                <action id="-9" name="Set value" sid="629723876288155" type="System">
                    <param id="0" name="Variable">FlowerScore</param>
                    <param id="1" name="Value">0</param>
                </action>
                <action id="-11" name="Subtract from" sid="448468317317379" type="System">
                    <param id="0" name="Variable">Lives</param>
                    <param id="1" name="Value">1</param>
                </action>
            </actions>
        </event-block>
        <event-block sid="738406637725072">
            <conditions>
                <condition id="0" name="On collision with another object" sid="778669211339757" type="Player">
                    <param id="0" name="Object">GrizTheBear</param>
                </condition>
            </conditions>
            <actions>
                <action id="0" name="Play" sid="634788376934346" type="Audio">
                    <param id="0" name="Audio file">Die</param>
                    <param id="2" name="Loop">0</param>
                    <param id="3" name="Volume">0</param>
                    <param id="1" name="Tag (optional)">&quot;Die&quot;</param>
                </action>
                <action behavior="Platform" id="11" name="Set enabled" sid="717346424229756" type="Player">
                    <param id="0" name="State">0</param>
                </action>
                <action behavior="ScrollTo" id="0" name="Shake" sid="294943531641004" type="Player">
                    <param id="0" name="Magnitude">20</param>
                    <param id="1" name="Duration">0.4</param>
                    <param id="2" name="Mode">0</param>
                </action>
                <action id="-16" name="Wait" sid="648338923531141" type="System">
                    <param id="0" name="Seconds">1.5</param>
                </action>
                <action id="-26" name="Restart layout" sid="539045779730607" type="System" />
                <action id="-11" name="Subtract from" sid="647001460602285" type="System">
                    <param id="0" name="Variable">Lives</param>
                    <param id="1" name="Value">1</param>
                </action>
            </actions>
        </event-block>
        <event-block sid="256879691161755">
            <conditions>
                <condition id="-8" name="Compare two values" sid="317766282887070" type="System">
                    <param id="0" name="First value">Player.X</param>
                    <param id="1" name="Comparison">2</param>
                    <param id="2" name="Second value">GrizTheBear.X</param>
                </condition>
            </conditions>
            <actions>
                <action behavior="Platform" id="7" name="Simulate control" sid="555160481932349" type="GrizTheBear">
                    <param id="0" name="Control">0</param>
                </action>
            </actions>
        </event-block>
        <event-block sid="862302920116954">
            <conditions>
                <condition id="-8" name="Compare two values" sid="830017515802257" type="System">
                    <param id="0" name="First value">Player.X</param>
                    <param id="1" name="Comparison">4</param>
                    <param id="2" name="Second value">GrizTheBear.X</param>
                </condition>
            </conditions>
            <actions>
                <action behavior="Platform" id="7" name="Simulate control" sid="871118124596603" type="GrizTheBear">
                    <param id="0" name="Control">1</param>
                </action>
            </actions>
        </event-block>
        <event-block sid="144091240523710">
            <conditions>
                <condition id="-8" name="Compare two values" sid="910138671659879" type="System">
                    <param id="0" name="First value">Player.Y</param>
                    <param id="1" name="Comparison">2</param>
                    <param id="2" name="Second value">GrizTheBear.Y</param>
                </condition>
            </conditions>
            <actions>
                <action id="-16" name="Wait" sid="886420902720683" type="System">
                    <param id="0" name="Seconds">random(0.25, 1)</param>
                </action>
                <action behavior="Platform" id="7" name="Simulate control" sid="142155844126588" type="GrizTheBear">
                    <param id="0" name="Control">2</param>
                </action>
            </actions>
        </event-block>
        <event-block sid="612343500526106">
            <conditions>
                <condition id="-14" name="Compare variable" sid="129849111239716" type="System">
                    <param id="0" name="Variable">BearHealth</param>
                    <param id="1" name="Comparison">0</param>
                    <param id="2" name="Value">0</param>
                </condition>
            </conditions>
            <actions>
                <action id="-9" name="Destroy" sid="424042418127383" type="GrizTheBear" />
                <action id="-2" name="Go to layout" sid="632795552950318" type="System">
                    <param id="0" name="Layout">Victory</param>
                </action>
            </actions>
        </event-block>
    </events>
</c2eventsheet>
