﻿<?xml version="1.0" encoding="utf-8" ?>
<c2uistate>
    <!--This is a UI state file - its content describes the user interface settings when the project was last open.
It is entirely optional and the project will load without it.  If you are placing the project under source control,
you probably do not want to add any .uistate.xml files to the repository.-->
    <configurations>
        <active>
            <configuration name="HTML5" />
        </active>
        <display name="HTML5" />
    </configurations>
    <open-tabs>
        <layout order="1">Title Screen</layout>
        <layout order="2">Level 1</layout>
        <layout order="3">Level 2</layout>
        <layout active="1" order="4">Level 3</layout>
        <layout order="5">Boss Level</layout>
        <layout order="6">Victory</layout>
        <layout order="7">Game Over</layout>
        <event-sheet order="0">Event sheet 1</event-sheet>
    </open-tabs>
    <properties>
        <property expanded="1" name="About" />
        <property expanded="1" name="Project settings" />
        <property expanded="0" name="Window Size" />
        <property expanded="1" name="Configuration Settings" />
    </properties>
    <families-expanded root="1" />
    <folders-expanded>
        <folder expanded="1" path="object-folder/" />
        <folder expanded="1" path="layout-folder/" />
        <folder expanded="1" path="event-folder/" />
        <folder expanded="1" path="file-folder/" />
        <folder expanded="1" path="sound-folder/" />
        <folder expanded="1" path="music-folder/" />
        <folder expanded="0" path="file-folder/Icons/" />
        <folder expanded="1" path="animation-folder/Player/" />
        <folder expanded="1" path="animation-folder/Leaf/" />
        <folder expanded="1" path="animation-folder/Branch/" />
        <folder expanded="1" path="animation-folder/BearClaw/" />
        <folder expanded="1" path="animation-folder/Flower/" />
        <folder expanded="1" path="animation-folder/HoneyLives/" />
        <folder expanded="1" path="animation-folder/Beehive/" />
        <folder expanded="1" path="animation-folder/FlowerUI/" />
        <folder expanded="1" path="animation-folder/BeehiveTitle/" />
        <folder expanded="1" path="animation-folder/PlayerTitle/" />
        <folder expanded="1" path="animation-folder/RainDrop/" />
        <folder expanded="1" path="animation-folder/BeeSpike/" />
        <folder expanded="1" path="animation-folder/GrizTheBear/" />
        <folder expanded="1" path="animation-folder/Ladybug/" />
        <folder expanded="1" path="animation-folder/Honeycomb/" />
        <folder expanded="1" path="animation-folder/Platform2/" />
        <folder expanded="1" path="animation-folder/Title/" />
        <folder expanded="1" path="animation-folder/Bee/" />
        <folder expanded="1" path="animation-folder/Leaf3/" />
        <folder expanded="1" path="animation-folder/Sprite/" />
        <folder expanded="1" path="animation-folder/Bee2/" />
        <folder expanded="1" path="animation-folder/Beargone/" />
    </folders-expanded>
</c2uistate>
